/podcasts-eng	podcasts-eng.html
/about-us-gr	about-us-gr.html
/podcasts-gr	podcasts-gr.html
/privacy-policy	privacy-policy.html
/privacy-policy-gr	privacy-policy-gr.html
/ta-nea-mas	ta-nea-mas.html
/blog-gr	blog-gr.html
/career-gr	career-gr.html
/contact-us-gr	contact-us-gr.html
/services-gr	services-gr.html
/our-team-gr	our-team-gr.html
/articles-el	articles-el.html
/	index.html
/articles-en	articles-en.html
/career	career.html
/contact-us	contact-us.html
/our-news	our-news.html
/blog-eng	blog-eng.html
/services	services.html
/our-team	our-team.html
/about-us	about-us.html
/home-page	home-page.html
/blog	blog.html
